covar,blue,se,pval
g1,5.68464,6.98499,0.415739
g2,1.69196,5.54875,0.760422
g3,-7.37661,6.90025,0.285054
