name,m,var,seV,pve,seP,enrichment,seE,./grm/1,./grm/2,./grm/3,./grm/4,./grm/5,./grm/1,./grm/2,./grm/3,./grm/4,./grm/5
./grm/1,1996,2550.29,578.61,0.0828575,0.0180437,1.29993,0.262736,0.0690301,-0.00471838,-0.00911222,-0.034892,-0.0204405,334789,-7198.88,-10855.9,-22922.7,-16216.3
./grm/2,1994,194.614,265.83,0.0063229,0.00863061,0.0992975,0.134412,-0.00471838,0.0180665,-0.00227794,-0.00681906,-0.00425861,-7198.88,70665.7,-5050.87,-8897.77,-6545.73
./grm/3,1996,836.467,369.84,0.0271763,0.0119243,0.426361,0.182596,-0.00911222,-0.00227794,0.0333412,-0.0137528,-0.00825146,-10855.9,-5050.87,136781,-13974.7,-9880.09
./grm/4,1991,3949.78,716.111,0.128326,0.0215669,2.01832,0.295587,-0.034892,-0.00681907,-0.0137528,0.0873714,-0.0317592,-22922.7,-8897.77,-13974.7,512816,-21620.1
./grm/5,1992,2267.41,551.731,0.073667,0.0173073,1.15806,0.254471,-0.0204405,-0.00425861,-0.00825146,-0.0317592,0.0647557,-16216.3,-6545.73,-9880.09,-21620.1,304407
err,1,20980.7,718.622,0.68165,0.02746,NA,NA,NA,NA,NA,NA,NA,-78712.2,-32084.2,-45725.7,-102465,-74663.4
