iter,sample_size,num_GRMs,logLL,dLLpred,dogleg_newton
1,3000,5,143.543,85.0978,1
2,3000,5,226.01,1.05788,1
3,3000,5,226.83,0.0228287,1
4,3000,5,226.863,0.00106479,1
