name,m,var,seV,pve,seP,enrichment,seE,./grm/1,./grm/2,./grm/3,./grm/4,./grm/5,./grm/1,./grm/2,./grm/3,./grm/4,./grm/5
./grm/1,1996,2567.92,580.997,0.0834242,0.0181097,1.31062,0.263897,0.0696415,-0.00467153,-0.00921705,-0.0350581,-0.0208291,337558,-7224.35,-10854.6,-22945.6,-16349.2
./grm/2,1994,173.743,262.832,0.00564442,0.00853367,0.0887643,0.133181,-0.00467153,0.0177371,-0.00224603,-0.00662867,-0.00419814,-7224.36,69080.7,-5019.01,-8755.89,-6484.06
./grm/3,1996,836.41,370.657,0.0271726,0.0119494,0.426888,0.183209,-0.00921705,-0.00224603,0.0335656,-0.0137782,-0.00837784,-10854.6,-5019.01,137387,-13971.9,-9950.99
./grm/4,1991,3920.89,714.714,0.127378,0.0215396,2.00617,0.295972,-0.0350581,-0.00662867,-0.0137782,0.0875994,-0.0319857,-22945.6,-8755.89,-13971.9,510816,-21700.8
./grm/5,1992,2286.85,554.561,0.0742931,0.0173871,1.16951,0.255808,-0.0208291,-0.00419814,-0.00837784,-0.0319857,0.0654376,-16349.2,-6484.05,-9950.99,-21700.8,307538
err,1,20995.6,719.304,0.682087,0.0275009,NA,NA,NA,NA,NA,NA,NA,-79269.1,-31738.1,-45940.7,-102489,-75253.7
